image_name,count
girl_09s.png,1
ferret_07s.png,1
organ_09s.png,1
windsock_09s.png,1
easter_egg_07s.png,1
marshmallow_09s.png,1
rose_09s.png,1
dustpan_08s.png,2
ski_lift_03s.png,1
checkers_04s.png,1
deodorant_07s.png,1
quesadilla_05s.png,1
cornucopia_01b.png,1
grape_07s.png,1
tomato_01b.png,1
pincushion_06s.png,1
grille_08s.png,1
tiramisu_07s.png,2
calf2_04s.png,1
bowtie_04s.png,1
swan_07s.png,1
scarf_09s.png,1
inkwell_04s.png,1
rain_gauge_09s.png,1
potpourri_03s.png,1
kimono_06s.png,1
foam_01b.png,2
cinnamon_06s.png,1
hookah_09s.png,1
traffic_light_06s.png,1
doghouse_07s.png,1
nail_file_04s.png,1
school_bus_08s.png,2
hot-water_bottle_10s.png,1
jetski_05s.png,1
golf_club_09s.png,1
washboard_03s.png,1
wallet_03s.png,1
mitten_05s.png,1
silverware_05s.png,1
doghouse_05s.png,2
lawnmower_02s.png,1
wire_02s.png,1
swab_07s.png,1
hummus_01b.png,2
stamp2_10s.png,1
camera_lens_01b.png,1
cement_mixer_05s.png,1
forklift_09s.png,1
ping-pong_table_10s.png,1
gyroscope_10s.png,1
stapler_03s.png,1
plate_10s.png,1
bubble_10s.png,1
inhaler_02s.png,1
seahorse_10s.png,1
cummerbund_05s.png,1
brush_06s.png,1
megaphone_01b.png,1
duckling_04s.png,1
dishwashing_liquid_09s.png,1
plastic_film_08s.png,1
green_beans_03s.png,1
lime_10s.png,1
wood_04s.png,1
pepperoni_09s.png,1
roller_coaster_09s.png,1
meat_grinder_06s.png,1
dishwashing_liquid_08s.png,1
hanger_10s.png,1
bathtub_02s.png,1
pencil_sharpener_06s.png,1
sandbag_04s.png,1
yacht_07s.png,1
marmalade_03s.png,1
stake_02s.png,1
dynamite_07s.png,1
lipstick_09s.png,2
pool_table_08s.png,1
pulley_10s.png,1
bandanna_01b.png,1
leotard_03s.png,1
spring_roll_06s.png,1
owl_03s.png,1
orange_rind_08s.png,1
gate_06s.png,1
chicken_wire_08s.png,2
diving_board_05s.png,1
touchpad_10s.png,1
anvil_10s.png,1
pinecone_02s.png,1
yogurt_07s.png,1
horseshoe_06s.png,2
granite_08s.png,1
cookie_sheet_03s.png,1
peanut_04s.png,1
beanbag_09s.png,1
pepper2_06s.png,1
swimsuit_02s.png,1
dip_08s.png,1
veil_02s.png,1
pen_10s.png,1
shelf_02s.png,1
tortellini_06s.png,1
wick_06s.png,2
calf2_08s.png,1
headrest_06s.png,1
fire_hydrant_02s.png,1
tent_01b.png,1
chick_07s.png,1
skewer_09s.png,1
fire_hydrant_07s.png,1
turbine_10s.png,1
tent_05n.png,1
pine_tree_06s.png,1
hash_03s.png,1
tab_08s.png,1
stapler_10s.png,2
speedometer_08s.png,1
pin_04s.png,1
urn_05s.png,1
swimming_pool_07s.png,1
drumstick_02s.png,1
pipe2_04s.png,1
hyena_04s.png,1
wing_02s.png,1
cardboard_05s.png,1
fan_06s.png,1
axe_10n.png,1
mattress_07s.png,1
ladybug_06s.png,1
brick_05s.png,1
backdrop_02s.png,1
accordion_01b.png,1
pea_04s.png,1
duster_03s.png,1
earwig_10n.png,1
mailbox_10s.png,1
can_10s.png,1
teapot_02s.png,1
flyswatter_04s.png,1
tarp_07s.png,1
bra_04s.png,1
swimsuit_06s.png,2
outfit_02s.png,1
book_01b.png,2
medal_05s.png,1
airplane_07n.png,1
filing_cabinet_07s.png,1
pelican_01b.png,1
wall_02s.png,1
teabag_07s.png,1
lens_01s.png,1
balloon_07s.png,1
fishing_pole_06s.png,1
paper_bag_02s.png,1
crane_01b.png,1
burrito_05s.png,1
seatbelt_01b.png,1
starfish_01b.png,1
reindeer_01b.png,1
rattle_08s.png,1
yacht_06s.png,1
dolly_02s.png,1
crowbar_07n.png,1
arm_07s.png,1
curtain_07s.png,1
mulberry_04s.png,1
garbage_07s.png,1
burner_05s.png,1
straw2_10s.png,2
briefcase_01b.png,1
blower_09s.png,1
hubcap_05s.png,2
gargoyle_01b.png,1
chocolate_05s.png,1
wheelbarrow_07s.png,2
apron_10s.png,1
urinal_03s.png,1
whistle_07s.png,1
beard_03s.png,1
goggles_04s.png,2
defibrillator_10s.png,1
squirrel_05n.png,2
coin_08s.png,1
parking_meter_03s.png,1
flip_flop_05s.png,1
carousel_05s.png,2
float_06s.png,1
crayfish_06n.png,1
bark_08s.png,1
bank_02s.png,1
curtain_10s.png,1
pants_04s.png,2
domino_02s.png,1
squeegee_04s.png,2
rag_05s.png,1
pulley_05s.png,1
whipped_cream_01b.png,2
walrus_02n.png,1
crutch_03s.png,1
coaster_08s.png,1
cigarette_holder_06s.png,2
chili_04s.png,1
camel_04s.png,1
rack2_05s.png,1
doorhandle_10s.png,1
screwdriver_08s.png,1
kite_10n.png,1
otter_02s.png,1
camcorder_07s.png,1
skunk_06s.png,3
stereo_10s.png,1
roof_rack_08s.png,2
mixer_03s.png,1
watermelon_10s.png,1
counter_03s.png,1
hatchet_08s.png,1
punching_bag_10s.png,1
woman_09s.png,1
airboat_05s.png,1
photo_booth_05s.png,1
jellyfish_02s.png,1
heater_08s.png,1
speedometer_04s.png,1
sundial_06s.png,1
recliner_07s.png,1
headlamp_10s.png,1
lawnmower_10n.png,1
car_seat_10s.png,1
salad_05s.png,1
fungus_05s.png,1
stirrup_06s.png,1
closet_04s.png,1
accordion_08s.png,1
pedal_08s.png,1
macadamia_06n.png,1
chicken_wire_04s.png,1
tent_02s.png,1
snake_03s.png,1
barcode_09s.png,1
landmine_01b.png,1
hobbyhorse_02s.png,1
shoe_polish_04s.png,1
gingerbread_man_02s.png,1
bouquet_09s.png,1
mop_09s.png,1
centerpiece_05s.png,1
soldering_iron_08s.png,1
swizzle_stick_09s.png,1
vegetable_05s.png,1
gallows_10s.png,2
goggles_05s.png,1
soldering_iron_09s.png,1
screw_07s.png,1
seaplane_06s.png,1
space_shuttle_10s.png,1
test_tube_10s.png,1
hedgehog_10s.png,1
cigar_04n.png,1
seahorse_08s.png,1
flipper_10s.png,1
lizard_05n.png,1
palm_tree_06s.png,1
kilt_07s.png,1
jar_04s.png,1
deer_07s.png,1
appetizer_10s.png,2
lemon_05s.png,1
trunk_08s.png,1
speaker_02s.png,1
notebook_07s.png,1
backgammon_09s.png,1
cardboard_09s.png,1
coal_04s.png,1
toad_07s.png,2
chalkboard_05s.png,1
hairdryer_06s.png,1
penlight_10s.png,1
cactus_02s.png,1
barbell_08s.png,1
harness_05s.png,1
rain_gauge_02s.png,2
toucan_03s.png,1
syrup_05s.png,1
bumper_04s.png,1
match_05s.png,1
sling_09s.png,1
counter_05s.png,1
cookie_sheet_04s.png,1
apple_09s.png,1
sheet_01b.png,1
hatchet_09s.png,1
wrist_05s.png,1
koala_07s.png,1
humvee_05s.png,1
air_pump_08s.png,1
fishbowl_02s.png,1
rudder_07s.png,1
brussels_sprouts_05s.png,1
canoe_09s.png,1
scarecrow_01b.png,1
yarn_09s.png,1
stiletto_02s.png,1
apple_tree_10s.png,1
tie_04s.png,1
tree_trunk_07s.png,1
pine_tree_04s.png,1
shoulder_07s.png,1
cream_08s.png,1
roof_rack_01b.png,2
button2_06s.png,1
kaleidoscope_01b.png,1
mistletoe_10s.png,1
hot-water_bottle_02s.png,1
lego_08s.png,1
coffee_pot_07s.png,1
remote_control_01b.png,1
lanyard_05s.png,1
clam_03s.png,1
bow1_09s.png,2
honeypot_09s.png,2
seafood_10s.png,1
maggot_09s.png,1
statue_09s.png,1
sheep_06s.png,1
keyboard_10s.png,1
twig_05s.png,1
coral_10s.png,1
treasure_08s.png,1
rocking_horse_07s.png,1
snowman_01b.png,1
revolving_door_09s.png,1
rollerblade_04s.png,1
laptop_04s.png,1
loveseat_03s.png,1
zipper_09s.png,1
leaf_05s.png,1
revolver_02s.png,1
jam_10s.png,1
barcode_03s.png,1
teapot_07s.png,1
syringe_10s.png,1
rosary_04s.png,1
yoke_02s.png,1
roadsweeper_07s.png,1
warthog_04n.png,1
ribbon_06s.png,1
jack_02s.png,1
bolo_tie_03s.png,1
camera2_01b.png,1
breakfast_01b.png,1
headphones_05s.png,1
rice_05s.png,1
paper_plate_05s.png,1
screen1_07s.png,1
pliers_10s.png,1
chip_03s.png,1
handprint_09s.png,1
toilet_06s.png,1
corn_04s.png,1
loincloth_04s.png,1
fire_02s.png,1
finger_01b.png,1
crayon_06s.png,1
jetski_06s.png,1
tray_05s.png,1
anklet_10s.png,1
shaker_10s.png,1
eye_08s.png,1
sprinkler_06s.png,1
noodle_06s.png,1
cloak_03s.png,1
clock_05n.png,1
flashlight_09n.png,1
crank_05s.png,1
octopus_06s.png,1
yarn_03s.png,1
sorbet_08s.png,1
firecracker_05s.png,1
meerkat_02s.png,1
chair_01b.png,1
powder_10s.png,1
tadpole_04s.png,1
filing_cabinet_06s.png,1
jigsaw_puzzle_07s.png,1
thumbtack_10s.png,1
petal_07s.png,1
cork_05s.png,1
telephone_pole_04s.png,1
beard_04s.png,1
abacus_05s.png,1
flan_04s.png,1
credit_card_07s.png,1
scorpion_05s.png,1
inhaler_06s.png,1
tea_05s.png,1
peeler_09s.png,1
hail_09s.png,1
poppy_02s.png,2
bagpipe_06s.png,1
satellite_06s.png,1
solar_panel_10s.png,1
scoreboard_09n.png,1
easel_06s.png,1
wax_paper_08s.png,1
air_mattress_09s.png,1
sewage_08s.png,1
hippopotamus_01b.png,1
fireworks_06s.png,1
leg_03s.png,1
bracket_04s.png,1
paper_bag_07s.png,1
parsley_01b.png,2
radar_01s.png,2
bowl_01b.png,1
whipped_cream_02s.png,1
turtleneck_01b.png,1
tadpole_06s.png,1
sugar_cube_09s.png,1
timer_07s.png,1
buckle_08s.png,1
altar_09s.png,1
playpen_04s.png,1
cilantro_10s.png,1
seaplane_05s.png,1
sand_06s.png,1
bead_01b.png,1
screwdriver_10s.png,1
cutting_board_04s.png,1
gyroscope_02s.png,1
lifesaver_05s.png,1
gravel_03s.png,1
cymbal_10s.png,1
fondue_01s.png,1
jack_01b.png,1
nightshirt_08s.png,1
donut_09s.png,1
trailer_05s.png,1
cherry_05s.png,1
hopscotch_08s.png,1
corsage_10s.png,1
turtle_02s.png,1
blimp_02n.png,1
rocking_horse_09s.png,1
praying_mantis_02s.png,1
slot_machine_08s.png,1
spark_plug_10s.png,1
backgammon_07s.png,1
banana_split_03s.png,1
bathtub_01b.png,1
spareribs_09s.png,1
flask_01b.png,1
whip_09s.png,1
gong_07s.png,1
clipper1_09s.png,1
tent_07n.png,1
pole_08s.png,1
boxing_gloves_08s.png,1
water_fountain_07s.png,1
sand_01b.png,1
chimney_06s.png,1
peppermint_01b.png,2
brussels_sprouts_09s.png,1
stilt_02s.png,1
roller_coaster_04s.png,1
gift_03s.png,1
solar_panel_03s.png,2
gem_06s.png,1
pen_05s.png,1
gold_09s.png,1
phone_booth_06s.png,1
pearl_09s.png,1
cilantro_04s.png,1
swing_03s.png,1
pig_06s.png,1
shopping_basket_04s.png,1
canoe_02s.png,1
paper_bag_10s.png,1
sawhorse_01b.png,2
charger_04s.png,1
guacamole_01b.png,1
sock_04s.png,1
blueberry_08s.png,1
screen1_03s.png,1
stretcher_07s.png,1
plastic_film_01b.png,1
skeleton_09s.png,1
guinea_pig_09s.png,1
tattoo_04s.png,1
ukulele_09s.png,1
machine_gun_06s.png,1
pogo_stick_09s.png,1
worm_06s.png,1
chalice_06s.png,1
sword_08s.png,1
rattlesnake_08s.png,1
gumball_05s.png,1
bandage_02s.png,1
cornmeal_03s.png,1
toaster_03s.png,2
chimney_04s.png,1
cucumber_04s.png,1
viewfinder_02s.png,1
petal_09s.png,1
plum_06s.png,1
file1_07s.png,1
cilantro_06s.png,1
jetski_04s.png,2
rubber_band_07s.png,2
spider_09n.png,1
arm_01b.png,1
cake_mix_03s.png,1
penguin_06s.png,1
tile_09s.png,1
coaster_05s.png,1
inhaler_07s.png,1
stomach_05s.png,1
doghouse_02s.png,1
nightshirt_04s.png,1
butter_02s.png,1
beer_08s.png,1
inkwell_03s.png,1
beaker_01b.png,1
mustard_09s.png,1
broccoli_07s.png,2
groundhog_09s.png,1
urn_02s.png,1
lobster_02n.png,1
piecrust_03s.png,3
hat_03s.png,1
hook1_07s.png,1
computer_05s.png,1
rocket_01b.png,1
soccer_ball_06s.png,1
jacket_07s.png,1
scrabble_07s.png,2
aquarium_01b.png,1
turbine_02s.png,1
match_10s.png,1
mushroom_08n.png,1
missile_10s.png,1
doormat_10s.png,1
grater_10s.png,1
cellphone_09s.png,1
thread_04s.png,1
pen_04s.png,1
weather_vane_02s.png,1
tuba_01b.png,1
fossil_05s.png,1
toe_09s.png,1
squid_04s.png,1
clover_08s.png,1
puffin_07s.png,1
chicken_wire_07s.png,1
fountain_pen_09s.png,1
mug_10s.png,1
taffy_05s.png,1
trident_03s.png,1
pocket_watch_08s.png,1
leg_05s.png,1
bison_10s.png,1
notepad_02s.png,1
puppy_02s.png,1
sunroof_02s.png,1
projector_07n.png,1
tack_08s.png,1
yo-yo_09s.png,1
hook2_09s.png,1
rope_03s.png,1
coleslaw_05s.png,1
toast_01b.png,1
rabbit_04n.png,1
mantle_03s.png,1
stick_03s.png,1
saffron_03s.png,1
container_05s.png,1
scalpel_01b.png,1
shirt_06s.png,1
totem_pole_07s.png,1
sink_01b.png,1
mascara_01b.png,1
oatmeal_02s.png,1
scraper_10s.png,1
eyedropper_09s.png,1
gravestone_10s.png,1
artichoke_10s.png,1
moth_04n.png,1
cheeseburger_02s.png,1
polaroid_05s.png,1
doghouse_03s.png,1
hairnet_09s.png,1
pillbox_08s.png,1
garter_09s.png,1
stirrup_10s.png,1
car_05s.png,1
sim_card_05s.png,1
vial_08s.png,1
extinguisher_03s.png,2
camera1_06s.png,1
watering_can_09s.png,1
weed_04s.png,1
cigarette_01b.png,1
rocket_05s.png,1
ashtray_04s.png,1
cloud_09s.png,1
ant_08s.png,1
microwave_03s.png,1
stirrup_05s.png,1
soda_09s.png,1
gold_10s.png,1
scuba_03s.png,1
coral_08s.png,1
floss_03s.png,1
rattlesnake_03s.png,1
gel_01b.png,1
ear_07s.png,1
power_line_06s.png,1
perfume_05s.png,1
sheath_08s.png,2
licorice_07s.png,1
cream_cheese_02s.png,1
stained_glass_06s.png,1
stew_07s.png,1
dandelion_10s.png,1
outlet_03s.png,1
sewage_05s.png,1
pasta_05s.png,1
calf1_05s.png,1
buckle_05s.png,1
shower_curtain_01b.png,1
flour_01b.png,1
bologna_08s.png,1
funnel_05s.png,1
pole_09s.png,1
bee_02s.png,1
oyster_03n.png,1
mail_07s.png,1
finger_02s.png,1
mousetrap_10n.png,1
altar_10s.png,1
berry_10s.png,1
reindeer_09s.png,1
wagon_01b.png,1
amber_02s.png,1
bowl_10n.png,1
sandwich_08s.png,1
gas_mask_01b.png,1
milkshake_09s.png,1
bracelet1_09s.png,1
checkbook_04s.png,1
whiteboard_08s.png,1
vent_07s.png,1
eggshell_03s.png,1
souffle_08s.png,1
dresser_10s.png,1
megaphone_10s.png,1
reindeer_07s.png,1
strap_06s.png,1
fan_01b.png,1
french_fries_08s.png,1
pincushion_08s.png,1
giraffe_05s.png,1
bologna_10s.png,1
paper_bag_05s.png,1
cloak_06s.png,1
turban_08s.png,1
coop_09s.png,1
crown_07s.png,1
puck_03s.png,1
honeycomb_07n.png,1
seismograph_10s.png,1
handlebar_04s.png,1
pillbox_01b.png,1
brussels_sprouts_06s.png,1
surfboard_06s.png,1
surfboard_09s.png,1
safety_pin_04s.png,1
teapot_03s.png,1
wind_chimes_01s.png,1
fire_pit_05s.png,1
canoe_03s.png,1
bank_03s.png,1
meerkat_06s.png,1
film_05s.png,1
spark_plug_09s.png,1
pool_table_07s.png,1
bolt_05s.png,1
polo_shirt_02s.png,1
sea_urchin_04s.png,1
charger_08s.png,1
pendulum_04s.png,1
stem_03s.png,1
mint_01b.png,1
binoculars_01s.png,1
wine_bottle_02s.png,1
float_04s.png,1
flagpole_05s.png,1
teabag_01b.png,1
poppy_07s.png,1
gas_mask_05s.png,1
bed_09n.png,1
candelabra_09s.png,1
cash_register_08s.png,1
chessboard_03s.png,1
belt_buckle_08s.png,1
checkbook_10s.png,1
football_04s.png,1
napkin_ring_07s.png,1
bouquet_02s.png,1
suitcase_01b.png,1
seal_05s.png,1
light_switch_08s.png,1
chocolate_07s.png,1
butterfly_09s.png,1
chalk_05s.png,1
propeller_03s.png,2
watering_can_07s.png,1
railing_02s.png,1
kilt_03s.png,1
bird_01b.png,1
shoe_02s.png,1
gallows_09s.png,1
ship_01b.png,1
grass_09s.png,1
bull_08s.png,1
chessboard_02s.png,1
flag_08s.png,1
rose_06s.png,1
mandolin_07s.png,1
diaper_03s.png,1
gyro_06s.png,1
snowball_04s.png,1
ketchup_05s.png,1
exerciser_08s.png,1
magnet_02s.png,1
deodorant_03s.png,1
straightjacket_06s.png,1
electric_chair_01b.png,1
revolver_07s.png,1
kale_03s.png,1
milk_04s.png,1
bin_06s.png,1
drawer_06s.png,1
meerkat_03s.png,1
staple_01b.png,1
mantle_02s.png,1
honeycomb_10n.png,1
goalpost_01b.png,1
lavender_08s.png,1
bat2_04s.png,1
combination_lock_06s.png,1
hubcap_08s.png,1
locker_07s.png,1
water_heater_01b.png,1
arm_06s.png,1
machete_04s.png,1
skunk_09s.png,1
hinge_01b.png,1
bazooka_09s.png,1
bookmark_10s.png,1
acorn_10s.png,1
dandelion_08s.png,1
cauliflower_04s.png,1
charcoal_01b.png,1
pony_07s.png,1
birdcage_10s.png,1
ring_02s.png,1
jam_07s.png,1
corkscrew_03s.png,1
anvil_06s.png,1
vending_machine_05s.png,1
ladder_02s.png,1
match_07s.png,1
bean_03s.png,1
peacock_01b.png,1
polygraph_01b.png,1
binoculars_09s.png,1
navel_05s.png,1
racket_03s.png,1
zipper_05s.png,1
bolo_tie_02s.png,1
porthole_07s.png,1
slime_02s.png,1
hood_03s.png,1
wall_01b.png,1
keg_05s.png,1
meatball_04s.png,1
boulder_10s.png,1
stomach_03s.png,1
binder_10s.png,1
windsock_07s.png,1
sickle_06s.png,1
prism_01b.png,1
nail_file_10s.png,1
rack1_08s.png,1
licorice_10s.png,1
crank_07s.png,1
playpen_10s.png,1
doily_05s.png,1
chest1_05s.png,1
sea_urchin_03s.png,1
camcorder_10s.png,1
rearview_mirror_02s.png,1
headlamp_01b.png,1
stopwatch_04s.png,1
computer_screen_10s.png,1
walker1_08s.png,1
stapler_07s.png,1
cello_02s.png,1
funnel_02s.png,1
tractor_01b.png,1
kangaroo_03n.png,1
footprint_05s.png,1
mascara_03s.png,1
lamppost_04s.png,1
xylophone_01b.png,1
tadpole_08s.png,1
engine_09s.png,1
foot_06s.png,1
clam_06s.png,1
tulip_04s.png,1
buckle_04s.png,1
bag_04s.png,1
dresser_06n.png,1
eye_patch_05s.png,1
corset_08s.png,1
cilantro_08s.png,1
squeegee_05s.png,1
jet_06s.png,1
string_cheese_09s.png,1
tag_04s.png,1
shoe_polish_08s.png,1
urn_09s.png,1
board_game_06s.png,1
windshield_wiper_05s.png,1
pony_06s.png,1
grinder_04s.png,1
dumpling_03s.png,1
spinach_01b.png,1
record_01b.png,1
mug_01b.png,1
riser_10s.png,1
burner_10s.png,1
shoulder_04s.png,1
gum_02s.png,1
marmalade_07s.png,1
keg_10s.png,1
cocoon_06s.png,1
soap_01b.png,1
umbrella_04s.png,1
platypus_08s.png,1
water_cooler_10s.png,1
cake_04s.png,1
fig_07s.png,1
easter_egg_10s.png,1
curling_iron_05s.png,1
squash_03s.png,1
uniform_05s.png,1
cutting_board_07s.png,1
bow3_10s.png,1
sauerkraut_09s.png,1
pepper_mill_09s.png,1
crane_07s.png,1
lip_balm_06s.png,2
coyote_07s.png,1
ruler_02s.png,1
stroller_04s.png,1
chalk_03s.png,1
candy_cane_05s.png,1
trailer_02s.png,1
flamethrower_03s.png,1
mushroom_10n.png,1
boar_10s.png,1
insole_05s.png,1
lemon_01b.png,1
springboard_02s.png,1
ashtray_01s.png,1
rope_10s.png,1
icemaker_01b.png,1
golf_club_02s.png,1
parfait_07s.png,1
scoop_06s.png,1
timer_02s.png,1
birdbath_02s.png,1
mullet_03s.png,1
checkbook_05s.png,1
life_jacket_04s.png,1
cardinal_06s.png,1
cereal_08s.png,1
toilet_paper_04s.png,1
cockatoo_01b.png,1
saffron_05s.png,1
ram_06s.png,1
suspenders_02s.png,1
cannonball_07s.png,1
teddy_bear_02s.png,2
coffee_pot_09s.png,1
ambulance_07s.png,1
pitchfork_03s.png,1
swizzle_stick_08s.png,1
scaffolding_02s.png,1
screwdriver_01s.png,1
ladybug_01b.png,1
pecan_08s.png,1
doorstop_07s.png,1
canoe_08s.png,1
webcam_03s.png,1
chandelier_09s.png,1
taffy_09s.png,1
bra_09s.png,1
scale_01b.png,1
nail_clippers_09s.png,1
skewer_07s.png,1
hourglass_08s.png,1
tugboat_02s.png,1
staple_gun_09s.png,1
paint_06s.png,2
spinach_06s.png,1
workbench_10s.png,1
juicer2_08s.png,1
bow3_02s.png,1
water_bottle_10s.png,1
coal_09s.png,1
waffle_iron_05s.png,1
blowgun_01s.png,1
train_07s.png,1
windsock_01b.png,1
hawk_02s.png,1
speedboat_05s.png,1
polygraph_06s.png,1
ferris_wheel_01b.png,1
biscuit_02s.png,1
braid_01b.png,1
frame_06s.png,1
fruitcake_01b.png,1
tomato_09n.png,1
wineglass_10s.png,1
gravel_04n.png,1
cookie_sheet_07s.png,1
veil_01s.png,1
hatchet_05s.png,1
camcorder_01b.png,1
eggshell_08s.png,1
comic_book_10s.png,1
wreck_07s.png,1
duct_tape_07s.png,1
sundial_10s.png,2
flashlight_01b.png,1
limousine_02s.png,1
teapot_06s.png,1
hockey_stick_05s.png,1
bottle_01b.png,1
drill_01b.png,1
floss_09s.png,1
stem_06s.png,1
binoculars_02s.png,1
electric_chair_03s.png,1
soy_sauce_01s.png,1
uniform_06s.png,1
barbed_wire_07s.png,1
glue_05s.png,1
buoy_04s.png,1
honeypot_08s.png,1
sandwich_10s.png,1
horn_01b.png,1
bracket_05s.png,1
knot_09s.png,1
machine_gun_08s.png,1
rosary_07s.png,1
sword_07s.png,1
porcupine_03s.png,1
catfish_02s.png,1
granite_09s.png,1
arrow_05s.png,1
squid_02s.png,1
cocktail_06s.png,1
shears_10s.png,1
notebook_09s.png,1
home_plate_10s.png,1
toe_04s.png,1
lime_03n.png,1
waterwheel_01b.png,1
toothpaste_07s.png,1
thermometer_04s.png,1
stingray_01s.png,1
swab_09s.png,1
bowl_07n.png,1
teddy_bear_04s.png,1
cannonball_06s.png,1
asparagus_02n.png,1
incense_05s.png,1
bell_01b.png,1
yak_01b.png,1
puck_05s.png,1
groundhog_06s.png,1
apple_03s.png,1
horseshoe_01b.png,1
sail_10s.png,1
key_06s.png,1
stove1_05s.png,1
pea_06s.png,1
bracket_10s.png,1
skin_06s.png,1
scraper_09s.png,1
rose_04s.png,1
pedal_06s.png,1
paintbrush_10s.png,1
axe_09n.png,1
jar_01s.png,1
camera1_02s.png,1
acorn_05s.png,1
dumpster_05s.png,1
silverware_09s.png,1
fountain_pen_07s.png,1
bobsled_09s.png,1
raccoon_07n.png,1
toy_02s.png,1
petal_01b.png,1
videocassette_07n.png,1
mango_03s.png,1
patch_06s.png,1
teepee_02s.png,1
flan_02s.png,1
iron_10s.png,1
graffiti_08s.png,1
grill_06s.png,1
chalkboard_08s.png,1
bracelet1_01s.png,1
electric_chair_04s.png,1
bulldozer_09s.png,1
fishing_pole_05s.png,1
clam_04s.png,1
centerpiece_04s.png,1
tricycle_07s.png,1
chandelier_03s.png,2
beetle_04s.png,1
toast_03s.png,1
machine_gun_09s.png,1
birdbath_06s.png,1
fossil_02s.png,1
cheeseburger_06s.png,1
bookshelf_03s.png,1
strainer_09s.png,1
pepper2_10s.png,1
chick_02s.png,1
jackhammer_09s.png,1
frog_04s.png,1
leggings_01b.png,1
satellite_10s.png,1
filter_04s.png,1
cement_mixer_03s.png,1
valve_08s.png,1
tree_03s.png,1
hawk_09s.png,1
pencil_01s.png,1
leg_07s.png,1
football_helmet_06s.png,1
hairpin_01b.png,1
bear_04s.png,1
stump_03s.png,1
chariot_03s.png,1
mannequin_08s.png,1
snowmobile_09s.png,1
credit_card_09s.png,1
drill_05s.png,1
pulley_03s.png,1
ring_10s.png,1
cloud_08s.png,1
shaving_cream_08s.png,1
oven_06s.png,1
blinder_03s.png,1
bouquet_01b.png,1
mosquito_net_01b.png,1
mustard_08s.png,1
boomerang_01s.png,1
telephone_pole_05s.png,1
poinsettia_02s.png,1
silicone_07s.png,1
kazoo_09s.png,1
slot_machine_04s.png,1
hard_disk_09s.png,1
stopwatch_05s.png,1
gear_04n.png,1
soap_03s.png,1
triangle_10s.png,1
baseball_glove_08s.png,2
gutter_05s.png,1
door_01b.png,1
marshmallow_05s.png,1
water_fountain_09s.png,1
gel_10s.png,1
train_set_07s.png,1
toaster_07s.png,1
rake_10s.png,1
mud_09s.png,1
racket_07s.png,1
bumper_10s.png,1
stool_09s.png,1
totem_pole_08s.png,1
insole_06s.png,1
zucchini_07s.png,1
oilcan_02s.png,1
gift_09s.png,1
ham_06s.png,1
gourd_03s.png,1
frisbee_03s.png,1
fence_08s.png,1
piano_03n.png,1
earwig_09s.png,1
thimble_08n.png,1
cookie_cutter_07s.png,1
train_06s.png,1
headrest_07s.png,1
poinsettia_10s.png,1
groundhog_02s.png,1
straw2_02s.png,1
lab_coat_04s.png,1
food_processor_05s.png,2
lion_06s.png,1
microwave_05s.png,1
loincloth_03s.png,1
tray_02s.png,1
pallet_03s.png,1
centrifuge_07s.png,1
palette_01b.png,1
doorstop_04s.png,1
touchpad_09s.png,1
matchbox_02s.png,1
washboard_07s.png,1
cummerbund_02s.png,1
fossil_06s.png,1
doorknocker_01b.png,1
brooch_02s.png,1
boy_05s.png,1
rag_01b.png,1
iguana_06s.png,1
gum_07s.png,1
bowling_ball_04s.png,1
touchpad_07s.png,1
anvil_03s.png,1
kale_02s.png,1
weather_vane_05s.png,1
hammock_02s.png,1
gurney_04s.png,1
tuning_fork_06s.png,1
chip_10s.png,1
confetti_04s.png,1
cream_cheese_07s.png,1
macaroni_04s.png,1
hatbox_05s.png,1
fire_alarm_05s.png,1
collar_02s.png,1
nail_09s.png,1
razor_02s.png,1
coral_04s.png,1
grater_09s.png,1
parrot_02s.png,1
cot_08s.png,1
cake_mix_01b.png,1
home_plate_04s.png,1
tile_07s.png,1
cord_08s.png,1
jewelry_07s.png,1
potholder_10s.png,1
roof_rack_02s.png,1
wasp_06s.png,1
rudder_09s.png,1
goalpost_04s.png,1
loveseat_10s.png,1
rollerblade_05s.png,1
bottle_08s.png,1
dress_10s.png,1
spareribs_05s.png,1
computer_screen_07s.png,1
cigarette_butt_07s.png,1
hairspray_05s.png,1
funnel_03s.png,1
knob_06s.png,1
bib_10n.png,1
hairspray_01b.png,1
camcorder_02s.png,1
sonogram_06s.png,1
shoe_polish_01s.png,1
racket_05s.png,1
zipper_02s.png,1
shield_04s.png,1
icepick_04s.png,1
earplug_10s.png,1
eggplant_03s.png,1
teabag_05s.png,1
sweeper_02s.png,1
mirror_06s.png,1
boar_07s.png,1
wooden_leg_01b.png,1
hole_05s.png,1
dishwashing_liquid_02s.png,1
enchilada_05s.png,1
grinder_03s.png,1
thimble_02s.png,1
tree_02s.png,1
sparkler_03s.png,1
cannonball_08s.png,1
hearse_05s.png,1
pole_04s.png,1
scanner_10s.png,1
cardigan_09s.png,1
nail_02s.png,1
cardinal_07s.png,1
tooth_04s.png,1
bat1_01b.png,1
wallet_04s.png,1
tea_01b.png,1
brooch_05s.png,1
soap_08s.png,1
faucet_01b.png,1
terrarium_09s.png,1
bark_07s.png,1
bean_01b.png,1
headband_01b.png,1
collar_03s.png,1
snorkel_05s.png,1
mat_03s.png,1
centrifuge_05s.png,1
traffic_light_02s.png,1
rubber_band_05s.png,1
cigarette_butt_06s.png,1
rope_05s.png,1
brass_knuckles_02s.png,1
faucet_07s.png,1
fly_02s.png,1
bolt_01b.png,1
cockroach_03s.png,1
bologna_07s.png,1
gourd_04s.png,1
water_fountain_01b.png,1
branch_05s.png,1
bin_09s.png,1
yo-yo_06s.png,1
nightshirt_09s.png,1
candy_cane_03s.png,1
comb_02s.png,1
harness_06s.png,1
grate_01b.png,1
pepper_mill_05s.png,1
arugula_05s.png,1
pumpkin_01b.png,1
wetsuit_09s.png,1
car_door_01b.png,1
drain_01b.png,1
whale_03s.png,1
cornhusk_03s.png,1
ramp_07s.png,1
closet_05s.png,1
locker_01b.png,1
gyroscope_06s.png,1
chihuahua_04s.png,1
strap_02s.png,1
paper_towel_01b.png,2
bean_09s.png,1
snowman_10s.png,1
aloe_09s.png,1
glasses_03s.png,1
lip_gloss_04s.png,1
origami_06s.png,1
deer_08s.png,1
bolt_06s.png,1
tortilla_10s.png,1
cornucopia_10s.png,1
diskette_03s.png,1
squirrel_03s.png,1
steamroller_02n.png,1
cereal_02s.png,1
hamster_05s.png,1
playpen_07s.png,1
microphone_10s.png,1
dough_03s.png,1
washcloth_09s.png,1
swordfish_10s.png,1
traffic_light_01b.png,1
stilt_08s.png,1
goldfish_07s.png,1
abacus_06s.png,1
life_jacket_01b.png,1
eggplant_09s.png,1
swab_08s.png,1
calculator_03s.png,1
mulch_09s.png,1
prune_08s.png,1
teapot_09s.png,1
whisk_02s.png,1
dryer_07s.png,1
fingerprint_10s.png,1
wing_07s.png,1
fire_alarm_10s.png,1
diskette_06s.png,1
margarita_08s.png,1
keyboard_06s.png,1
fudge_07s.png,1
mushroom_02n.png,1
mouse1_06s.png,1
bell_pepper_01b.png,1
cassette_06s.png,1
money_03s.png,1
chisel_09s.png,1
keg_03s.png,1
bikini_03s.png,1
container_02s.png,1
pedal_04s.png,1
souffle_02s.png,1
fire_05s.png,1
bulletin_board_01b.png,1
peanut_butter_03s.png,1
chute_07s.png,1
baton1_04s.png,1
marshmallow_01b.png,1
dip_07s.png,1
grinder_10s.png,1
gyro_04s.png,1
tank1_06s.png,1
feather_06s.png,1
beanbag_10s.png,1
leotard_07s.png,1
blackberry_10s.png,1
toothpaste_06s.png,1
towel_rack_04s.png,1
battery_08s.png,1
limousine_01s.png,1
appetizer_07s.png,1
chocolate_03s.png,1
robe_08s.png,1
duck_06s.png,1
moth_09n.png,1
hedgehog_07s.png,1
eggshell_05s.png,1
cassette_04s.png,1
velcro_02s.png,1
pizza_10s.png,1
boulder_02s.png,1
basketball_hoop_03s.png,1
banana_peel_03s.png,1
candle_01b.png,1
gem_02s.png,1
barnacle_10n.png,1
flower_02s.png,1
train_set_05s.png,1
mustache_10s.png,1
coil_02s.png,1
chinaware_05s.png,1
fig_10s.png,1
noodle_09s.png,1
pothole_01b.png,1
sponge_07s.png,1
clothespin_05s.png,1
slot_10s.png,1
turban_04s.png,1
light_switch_07s.png,1
maple_syrup_07s.png,1
sofa_bed_05s.png,1
hedgehog_03s.png,1
outlet_01b.png,1
bat1_07s.png,1
dumpling_01b.png,1
ear_01b.png,1
sandbag_02s.png,1
buffet_03s.png,1
hand_10s.png,1
diskette_10s.png,1
lectern_03s.png,1
gumdrop_06s.png,1
stove2_03s.png,1
kiwi_03s.png,1
abacus_10s.png,1
coaster_02s.png,1
van_09s.png,1
quiche_05s.png,1
roadsweeper_02s.png,1
blazer_04s.png,1
avocado_05s.png,1
clover_04s.png,1
rust_06s.png,1
sickle_01b.png,1
tarp_09s.png,1
mold2_02s.png,1
snake_01b.png,1
sushi_09s.png,1
penguin_01b.png,1
air_conditioner_02s.png,1
dogfood_02s.png,1
calzone_07s.png,1
solar_panel_08s.png,1
bulletin_board_04s.png,1
rudder_08s.png,1
axe_08n.png,1
telescope_05n.png,1
printer_06s.png,1
chili_02s.png,1
flan_10s.png,1
pumpkin_06s.png,1
lip_balm_10s.png,1
coffee_filter_08s.png,1
duct_04s.png,1
fire_06s.png,1
odometer_05s.png,1
walker2_10s.png,1
jacket_09s.png,1
coffee_filter_06s.png,1
bolt_09s.png,1
airbag_03s.png,1
camper_03s.png,1
cash_machine_07s.png,1
tugboat_01b.png,1
breakfast_07s.png,1
sewing_kit_10s.png,1
parachute_09s.png,1
ginger_03s.png,1
milkshake_08s.png,1
target_09s.png,1
paper_10s.png,1
dolphin_08s.png,1
thumbtack_05s.png,1
sim_card_03s.png,1
hook1_08s.png,1
garbage_01b.png,1
fast_food_07s.png,1
porcupine_05s.png,1
magnifier_09s.png,1
playing_card_08s.png,1
sink_07s.png,1
car_door_04s.png,1
cutting_board_01b.png,1
grater_08s.png,1
rattle_01b.png,1
sandcastle_04s.png,1
float_02s.png,1
violin_03n.png,1
shuffleboard_09s.png,1
badge_01b.png,1
trailer_09s.png,1
safety_pin_06s.png,1
hat_02s.png,1
belt_06s.png,1
otter_09s.png,1
boxer_shorts_07s.png,1
locket_09s.png,1
toga_10s.png,1
clasp_01b.png,1
ski_05s.png,1
car_door_02s.png,1
barcode_05s.png,1
lingerie_02s.png,1
ravioli_06s.png,1
shredder_05s.png,1
thermos_06s.png,1
mashed_potato_05s.png,1
frog_02s.png,1
foot_09s.png,1
moose_05s.png,1
mustache_01b.png,1
mint_03s.png,1
chive_09s.png,1
apron_01b.png,1
rocking_chair_10s.png,1
train_car_03s.png,1
baton3_01s.png,1
leek_10s.png,1
car_06s.png,1
knife_02s.png,1
coffee_pot_03s.png,1
knob_03s.png,1
hookah_07s.png,1
tiger_08s.png,1
hearse_09s.png,1
mattress_05s.png,1
snowman_09s.png,1
spring_roll_10s.png,1
vacuum_08s.png,1
weather_vane_10s.png,1
headphones_02s.png,1
sock_07s.png,1
dollhouse_07s.png,1
ant_03s.png,1
juicer1_02s.png,1
tuxedo_10s.png,1
flipper_05s.png,1
bat1_05s.png,1
roof_rack_07s.png,1
lemonade_08s.png,1
cloud_03s.png,1
dish_07s.png,1
grain_02s.png,1
airbag_07s.png,1
